Font supports language ,aa_Latn,  Afar),
Font supports language ,abi_Latn,  Abidji),
Font supports language ,abr_Latn,  Abron),
Font supports language ,acd_Latn,  Gikyode),
Font supports language ,ace_Latn,  Achinese),
Font supports language ,ach_Latn,  Acoli),
Font supports language ,ada_Latn,  Adangme),
Font supports language ,ade_Latn,  Adele),
Font supports language ,adj_Latn,  Adioukrou),
Font supports language ,aeb_Latn,  Tunisian Darija),
Font supports language ,af_Latn,  Afrikaans),
Font supports language ,agc_Latn,  Agatu),
Font supports language ,aha_Latn,  Ahanta),
Font supports language ,ahl_Latn,  Igo),
Font supports language ,ahs_Latn,  Ashe),
Font supports language ,aht_Latn,  Ahtna),
Font supports language ,ajg_Latn,  Aja),
Font supports language ,akp_Latn,  Siwu),
Font supports language ,ala_Latn,  Alago),
Font supports language ,ale_Latn,  Aleut),
Font supports language ,aln_Latn,  Gheg Albanian),
Font supports language ,an_Latn,  Aragonese),
Font supports language ,anc_Latn,  Ngas),
Font supports language ,ank_Latn,  Goemai),
Font supports language ,ann_Latn,  Obolo),
Font supports language ,anv_Latn,  Denya),
Font supports language ,anw_Latn,  Anaang),
Font supports language ,any_Latn,  Anyin),
Font supports language ,aoz_Latn,  Uab Meto),
Font supports language ,apd_Latn,  Sudanese Arabic),
Font supports language ,arn_Latn,  Mapuche),
Font supports language ,asa_Latn,  Asu),
Font supports language ,asg_Latn,  Cishingini),
Font supports language ,ast_Latn,  Asturian),
Font supports language ,atg_Latn,  Ivbie North-Okpela-Arhe),
Font supports language ,ati_Latn,  Attié),
Font supports language ,avn_Latn,  Avatime),
Font supports language ,awa_Deva,  Awadhi),
Font supports language ,awo_Latn,  Awak),
Font supports language ,ay_Latn,  Aymara),
Font supports language ,ayb_Latn,  Ayizo Gbe),
Font supports language ,az_Latn,  Azerbaijani),
Font supports language ,azo_Latn,  Awing),
Font supports language ,ban_Latn,  Balinese),
Font supports language ,bav_Latn,  Vengo),
Font supports language ,bbc_Latn,  Batak Toba),
Font supports language ,bbo_Latn,  Northern Bobo Madaré),
Font supports language ,bbp_Latn,  Banda, West Central)
Font supports language ,bci_Latn,  Baoulé),
Font supports language ,bcn_Latn,  Bali),
Font supports language ,bcq_Latn,  Bench),
Font supports language ,bcw_Latn,  Bana),
Font supports language ,bcy_Latn,  Bacama),
Font supports language ,bdh_Latn,  Baka, DRC/South Sudan)
Font supports language ,beh_Latn,  Biali),
Font supports language ,bej_Latn,  Bedawiyet),
Font supports language ,bem_Latn,  Bemba),
Font supports language ,bet_Latn,  Bété, Guiberoua)
Font supports language ,bev_Latn,  Bété, Daloa)
Font supports language ,bex_Latn,  Jur Modo),
Font supports language ,bez_Latn,  Bena),
Font supports language ,bfa_Latn,  Bari),
Font supports language ,bho_Deva,  Bhojpuri),
Font supports language ,bhy_Latn,  Bhele),
Font supports language ,bi_Latn,  Bislama),
Font supports language ,bib_Latn,  Bissa),
Font supports language ,bik_Latn,  Bikol),
Font supports language ,bim_Latn,  Bimoba),
Font supports language ,bin_Latn,  Bini),
Font supports language ,bjt_Latn,  Balanta-Ganja),
Font supports language ,bjv_Latn,  Bedjond),
Font supports language ,bkc_Latn,  Baka, Cameroon/Gabon)
Font supports language ,bkv_Latn,  Bekwarra),
Font supports language ,bla_Latn,  Siksika),
Font supports language ,bm_Latn,  Bambara),
Font supports language ,bmq_Latn,  Bomu),
Font supports language ,bng_Latn,  Benga),
Font supports language ,bnm_Latn,  Bapuku),
Font supports language ,bov_Latn,  Tuwuli),
Font supports language ,boz_Latn,  Tiéyaxo Bozo),
Font supports language ,bqj_Latn,  Bandial),
Font supports language ,br_Latn,  Breton),
Font supports language ,brx_Deva,  Bodo),
Font supports language ,bs_Latn,  Bosnian),
Font supports language ,bsc_Latn,  Bassari),
Font supports language ,bsc_Latn_GN,  Guinean Bassari),
Font supports language ,bsj_Latn,  Bangwinji),
Font supports language ,bsp_Latn,  Baga Sitemu),
Font supports language ,bss_Latn,  Akoose),
Font supports language ,bto_Latn,  Rinconada Bikol),
Font supports language ,buc_Latn,  Bushi),
Font supports language ,bug_Latn,  Buginese),
Font supports language ,bus_Latn,  Bokobaru),
Font supports language ,buu_Latn,  Budu),
Font supports language ,buw_Latn,  gevové),
Font supports language ,bvb_Latn,  Bube),
Font supports language ,bwq_Latn,  Southern Bobo Madaré),
Font supports language ,bwr_Latn,  Bura-Pabir),
Font supports language ,byn_Latn,  Bilen),
Font supports language ,bys_Latn,  Burak),
Font supports language ,bza_Latn,  Bandi),
Font supports language ,bze_Latn,  Jenaama Bozo),
Font supports language ,bzw_Latn,  Basa),
Font supports language ,bzx_Latn,  Bozo, Hainyaxo)
Font supports language ,ca_Latn,  Catalan),
Font supports language ,cae_Latn,  Lehar),
Font supports language ,car_Latn,  Carib),
Font supports language ,cbj_Latn,  Ede Cabe),
Font supports language ,cdr_Latn,  Kamuku),
Font supports language ,ceb_Latn,  Cebuano),
Font supports language ,cfa_Latn,  Dikaka),
Font supports language ,cgg_Latn,  Chiga),
Font supports language ,ch_Latn,  Chamorro),
Font supports language ,chk_Latn,  Chuukese),
Font supports language ,chy_Latn,  Cheyenne),
Font supports language ,cic_Latn,  Chickasaw),
Font supports language ,cjk_Latn,  Chokwe),
Font supports language ,ckl_Latn,  Kibaku),
Font supports language ,cko_Latn,  Anufo),
Font supports language ,cky_Latn,  Cakfem-Mushere),
Font supports language ,cla_Latn,  Ron),
Font supports language ,cme_Latn,  Cerma),
Font supports language ,co_Latn,  Corsican),
Font supports language ,cou_Latn,  Wamey),
Font supports language ,cri_Latn,  Sãotomense),
Font supports language ,crs_Latn,  Seselwa Creole French),
Font supports language ,cs_Latn,  Czech),
Font supports language ,csb_Latn,  Kashubian),
Font supports language ,csk_Latn,  Jola-Kasa),
Font supports language ,ctd_Latn,  Tedim Chin),
Font supports language ,cwe_Latn,  Kwere),
Font supports language ,cy_Latn,  Welsh),
Font supports language ,da_Latn,  Danish),
Font supports language ,daa_Latn,  Dangaléat),
Font supports language ,dag_Latn,  Dagbani),
Font supports language ,dav_Latn,  Taita),
Font supports language ,dbd_Latn,  Dadiya),
Font supports language ,dbq_Latn,  Daba),
Font supports language ,de_Latn,  German),
Font supports language ,del_Latn,  Delaware),
Font supports language ,dga_Latn,  Dagaare, Southern)
Font supports language ,dgh_Latn,  Dghwede),
Font supports language ,did_Latn,  Didinga),
Font supports language ,dje_Latn,  Zarma),
Font supports language ,dno_Latn,  Ndrulo),
Font supports language ,doi_Deva,  Dogri),
Font supports language ,dop_Latn,  Lukpa),
Font supports language ,dri_Latn,  C’Lela),
Font supports language ,dsb_Latn,  Lower Sorbian),
Font supports language ,dtm_Latn,  Tomo Kan Dogon),
Font supports language ,dts_Latn,  Dogon, Toro So)
Font supports language ,dty_Deva,  Dotyali),
Font supports language ,dug_Latn,  Chiduruma),
Font supports language ,dwr_Latn,  Dawro),
Font supports language ,dyi_Latn,  Sénoufo, Djimini)
Font supports language ,dyo_Latn,  Jola-Fonyi),
Font supports language ,dyu_Latn,  Dyula),
Font supports language ,dzg_Latn,  Dazaga),
Font supports language ,ebu_Latn,  Embu),
Font supports language ,efi_Latn,  Efik),
Font supports language ,eka_Latn,  Ekajuk),
Font supports language ,ekm_Latn,  Elip),
Font supports language ,el_Grek,  Greek),
Font supports language ,en_Latn,  English),
Font supports language ,enn_Latn,  Engenni),
Font supports language ,eo_Latn,  Esperanto),
Font supports language ,es_Latn,  Spanish),
Font supports language ,et_Latn,  Estonian),
Font supports language ,eu_Latn,  Basque),
Font supports language ,eza_Latn,  Ezaa),
Font supports language ,fan_Latn,  Fang),
Font supports language ,fat_Latn,  Fanti),
Font supports language ,fbl_Latn,  West Albay Bikol),
Font supports language ,ff_Latn,  Fulah),
Font supports language ,ffm_Latn,  Maasina Fulfulde),
Font supports language ,fi_Latn,  Finnish),
Font supports language ,fil_Latn,  Filipino),
Font supports language ,fj_Latn,  Fijian),
Font supports language ,flr_Latn,  Fuliiru),
Font supports language ,fo_Latn,  Faroese),
Font supports language ,fod_Latn,  Foodo),
Font supports language ,fon_Latn,  Fon),
Font supports language ,fr_Latn,  French),
Font supports language ,fub_Latn,  Fulfulde, Adamawa)
Font supports language ,fuc_Latn,  Pulaar),
Font supports language ,fue_Latn,  Fulfulde, Borgu)
Font supports language ,fuf_Latn,  Pular),
Font supports language ,fuh_Latn,  Fulfulde, Western Niger)
Font supports language ,fuq_Latn,  Central-Eastern Niger Fulfulde),
Font supports language ,fur_Latn,  Friulian),
Font supports language ,fuv_Latn,  Nigerian Fulfulde),
Font supports language ,fy_Latn,  Western Frisian),
Font supports language ,ga_Latn,  Irish),
Font supports language ,gaa_Latn,  Ga),
Font supports language ,gag_Latn,  Gagauz),
Font supports language ,gah_Latn,  Alekano),
Font supports language ,gby_Latn,  Gbari),
Font supports language ,gd_Latn,  Scottish Gaelic),
Font supports language ,gde_Latn,  Gude),
Font supports language ,gel_Latn,  ut-Ma’in),
Font supports language ,gil_Latn,  Gilbertese),
Font supports language ,giz_Latn,  Southern Giziga),
Font supports language ,gjn_Latn,  Gonja),
Font supports language ,gkn_Latn,  Gokana),
Font supports language ,gl_Latn,  Galician),
Font supports language ,gmm_Latn,  Gbaya-Mbodomo),
Font supports language ,gmv_Latn,  Gamo),
Font supports language ,gn_Latn,  Guarani),
Font supports language ,gng_Latn,  Ngangam),
Font supports language ,god_Latn,  Godié),
Font supports language ,gof_Latn,  Gofa),
Font supports language ,gom_Deva,  Goan Konkani),
Font supports language ,gqr_Latn,  Gor),
Font supports language ,gsw_Latn,  Swiss German),
Font supports language ,guc_Latn,  Wayuu),
Font supports language ,gud_Latn,  Dida, Yocoboué)
Font supports language ,guk_Latn,  Gumuz),
Font supports language ,guw_Latn,  Gun),
Font supports language ,gux_Latn,  Gourmanchéma),
Font supports language ,guz_Latn,  Gusii),
Font supports language ,gv_Latn,  Manx),
Font supports language ,gwd_Latn,  Gawwada),
Font supports language ,gwi_Latn,  Gwichʼin),
Font supports language ,gyi_Latn,  Gyele),
Font supports language ,ha_Latn,  Hausa),
Font supports language ,hag_Latn,  Hanga),
Font supports language ,har_Latn,  Harari),
Font supports language ,haw_Latn,  Hawaiian),
Font supports language ,hdy_Latn,  Hadiyya),
Font supports language ,hi_Deva,  Hindi),
Font supports language ,hia_Latn,  Lamang),
Font supports language ,hig_Latn,  Kamwe),
Font supports language ,hil_Latn,  Hiligaynon),
Font supports language ,hmn_Latn,  Hmong),
Font supports language ,hop_Latn,  Hopi),
Font supports language ,hr_Latn,  Croatian),
Font supports language ,hsb_Latn,  Upper Sorbian),
Font supports language ,ht_Latn,  Haitian Creole),
Font supports language ,hu_Latn,  Hungarian),
Font supports language ,hz_Latn,  Herero),
Font supports language ,ia_Latn,  Interlingua),
Font supports language ,ibb_Latn,  Ibibio),
Font supports language ,iby_Latn,  Ibani),
Font supports language ,ica_Latn,  Ede Ica),
Font supports language ,ich_Latn,  Etkywan),
Font supports language ,id_Latn,  Indonesian),
Font supports language ,idd_Latn,  Ede Idaca),
Font supports language ,idu_Latn,  Idoma),
Font supports language ,ige_Latn,  Igede),
Font supports language ,ijj_Latn,  Ede Ije),
Font supports language ,ikk_Latn,  Ika),
Font supports language ,ikx_Latn,  Ik),
Font supports language ,ilo_Latn,  Iloko),
Font supports language ,iqw_Latn,  Ikwo),
Font supports language ,iri_Latn,  Rigwe),
Font supports language ,irk_Latn,  Iraqw),
Font supports language ,is_Latn,  Icelandic),
Font supports language ,ish_Latn,  Esan),
Font supports language ,it_Latn,  Italian),
Font supports language ,izr_Latn,  Izere),
Font supports language ,izz_Latn,  Izii),
Font supports language ,jab_Latn,  Hyam),
Font supports language ,jam_Latn,  Jamaican Creole English),
Font supports language ,jbu_Latn,  Jukun Takum),
Font supports language ,jen_Latn,  Dza),
Font supports language ,jgk_Latn,  Gwak),
Font supports language ,jib_Latn,  Jibu),
Font supports language ,jmc_Latn,  Machame),
Font supports language ,jv_Latn,  Javanese),
Font supports language ,kab_Latn,  Kabyle),
Font supports language ,kad_Latn,  Adara),
Font supports language ,kai_Latn,  Karekare),
Font supports language ,kaj_Latn,  Jju),
Font supports language ,kam_Latn,  Kamba),
Font supports language ,kao_Latn,  Xaasongaxango),
Font supports language ,kbp_Latn,  Kabiyé),
Font supports language ,kby_Latn,  Kanuri, Manga)
Font supports language ,kck_Latn,  Kalanga),
Font supports language ,kdc_Latn,  Kutu),
Font supports language ,kde_Latn,  Makonde),
Font supports language ,kdh_Latn,  Tem),
Font supports language ,kdl_Latn,  Tsikimba),
Font supports language ,kea_Latn,  Kabuverdianu),
Font supports language ,ken_Latn,  Kenyang),
Font supports language ,keu_Latn,  Akebu),
Font supports language ,kez_Latn,  Kukele),
Font supports language ,kg_Latn,  Kongo),
Font supports language ,kgp_Latn,  Kaingang),
Font supports language ,kha_Latn,  Khasi),
Font supports language ,khq_Latn,  Koyra Chiini),
Font supports language ,ki_Latn,  Kikuyu),
Font supports language ,kia_Latn,  Kim),
Font supports language ,kiu_Latn,  Kirmanjki),
Font supports language ,kj_Latn,  Kuanyama),
Font supports language ,kl_Latn,  Kalaallisut),
Font supports language ,kln_Latn,  Kalenjin),
Font supports language ,kmb_Latn,  Kimbundu),
Font supports language ,kmy_Latn,  Koma),
Font supports language ,knc_Latn,  Kanuri, Central)
Font supports language ,knf_Latn,  Mankanya),
Font supports language ,knp_Latn,  Kwanja),
Font supports language ,kok_Deva,  Konkani),
Font supports language ,koo_Latn,  Konjo),
Font supports language ,kpo_Latn,  Ikposo),
Font supports language ,kpz_Latn,  Sapiny),
Font supports language ,kqn_Latn,  Kaonde),
Font supports language ,kqp_Latn,  Kimré),
Font supports language ,kqs_Latn,  Kissi, Northern)
Font supports language ,kr_Latn,  Kanuri),
Font supports language ,kri_Latn,  Krio),
Font supports language ,krl_Latn,  Karelian),
Font supports language ,krs_Latn,  Gbaya, Sudan)
Font supports language ,ksb_Latn,  Shambala),
Font supports language ,ksh_Latn,  Colognian),
Font supports language ,ktj_Latn,  Krumen, Plapo)
Font supports language ,ktu_Latn,  Kituba),
Font supports language ,ktz_Latn,  Juǀʼhoan),
Font supports language ,ku_Latn,  Kurdish  Latin)),
Font supports language ,kub_Latn,  Kutep),
Font supports language ,kuj_Latn,  Kuria),
Font supports language ,kun_Latn,  Kunama),
Font supports language ,kus_Latn,  Kusaal),
Font supports language ,kvf_Latn,  Kabalai),
Font supports language ,kw_Latn,  Cornish),
Font supports language ,kye_Latn,  Krache),
Font supports language ,kyf_Latn,  Kouya),
Font supports language ,la_Latn,  Latin),
Font supports language ,lag_Latn,  Langi),
Font supports language ,laj_Latn,  Lango, Uganda)
Font supports language ,lam_Latn,  Lamba),
Font supports language ,las_Latn,  Lama, Togo)
Font supports language ,lb_Latn,  Luxembourgish),
Font supports language ,ldb_Latn,  Duya),
Font supports language ,led_Latn,  Lendu),
Font supports language ,lem_Latn,  Nomaande),
Font supports language ,les_Latn,  Lese),
Font supports language ,lg_Latn,  Ganda),
Font supports language ,lia_Latn,  Limba, West-Central)
Font supports language ,lig_Latn,  Ligbi),
Font supports language ,lij_Latn,  Ligurian),
Font supports language ,lip_Latn,  Sekpele),
Font supports language ,lkt_Latn,  Lakota),
Font supports language ,lln_Latn,  Lele),
Font supports language ,lmo_Latn,  Lombard),
Font supports language ,lmp_Latn,  Limbum),
Font supports language ,lns_Latn,  Lamnso’),
Font supports language ,lnu_Latn,  Longuda),
Font supports language ,log_Latn,  Logo),
Font supports language ,lok_Latn,  Loko),
Font supports language ,lor_Latn,  Téén),
Font supports language ,lot_Latn,  Otuho),
Font supports language ,loz_Latn,  Lozi),
Font supports language ,lt_Latn,  Lithuanian),
Font supports language ,ltg_Latn,  Latgalian),
Font supports language ,lua_Latn,  Luba-Lulua),
Font supports language ,lue_Latn,  Luvale),
Font supports language ,lun_Latn,  Lunda),
Font supports language ,luo_Latn,  Luo),
Font supports language ,luy_Latn,  Luyia),
Font supports language ,lv_Latn,  Latvian),
Font supports language ,lwo_Latn,  Luwo),
Font supports language ,mad_Latn,  Madurese),
Font supports language ,maf_Latn,  Mafa),
Font supports language ,mag_Deva,  Magahi),
Font supports language ,mai_Deva,  Maithili),
Font supports language ,mam_Latn,  Mam),
Font supports language ,mam_Latn_MX,  Mexican Mam),
Font supports language ,man_Latn,  Mandingo),
Font supports language ,maw_Latn,  Mampruli),
Font supports language ,mbo_Latn,  Mbo),
Font supports language ,mbu_Latn,  Mbula-Bwazza),
Font supports language ,mcn_Latn,  Masana),
Font supports language ,mcu_Latn,  Mambila, Cameroon)
Font supports language ,mda_Latn,  Mada),
Font supports language ,mdj_Latn,  Mangbetu),
Font supports language ,men_Latn,  Mende),
Font supports language ,meq_Latn,  Merey),
Font supports language ,mer_Latn,  Meru),
Font supports language ,mey_Latn,  Hassaniyya),
Font supports language ,mfd_Latn,  Mendankwe-Nkwen),
Font supports language ,mfe_Latn,  Morisyen),
Font supports language ,mfi_Latn,  Wandala),
Font supports language ,mfn_Latn,  Mbembe, Cross River)
Font supports language ,mfo_Latn,  Mbe),
Font supports language ,mfq_Latn,  Moba),
Font supports language ,mfv_Latn,  Mandjak),
Font supports language ,mg_Latn,  Malagasy),
Font supports language ,mgc_Latn,  Morokodo),
Font supports language ,mgh_Latn,  Makhuwa-Meetto),
Font supports language ,mh_Latn,  Marshallese),
Font supports language ,mi_Latn,  Maori),
Font supports language ,mic_Latn,  Mi,kmaq)
Font supports language ,min_Latn,  Minangkabau),
Font supports language ,mkl_Latn,  Mokole),
Font supports language ,mls_Latn,  Masalit),
Font supports language ,mmu_Latn,  Mmaala),
Font supports language ,mne_Latn,  Naba),
Font supports language ,mnk_Latn,  Mandinka),
Font supports language ,moa_Latn,  Mwan),
Font supports language ,moe_Latn,  Innu),
Font supports language ,moh_Latn,  Mohawk),
Font supports language ,mor_Latn,  Moro),
Font supports language ,mos_Latn,  Mossi),
Font supports language ,mqb_Latn,  Mbuko),
Font supports language ,mql_Latn,  Mbelime),
Font supports language ,mr_Deva,  Marathi),
Font supports language ,msc_Latn,  Maninka, Sankaran)
Font supports language ,mt_Latn,  Maltese),
Font supports language ,mua_Latn,  Mundang),
Font supports language ,muh_Latn,  Mündü),
Font supports language ,mur_Latn,  Murle),
Font supports language ,mus_Latn,  Muscogee),
Font supports language ,muy_Latn,  Muyang),
Font supports language ,mwk_Latn,  Kita Maninkakan),
Font supports language ,mwl_Latn,  Mirandese),
Font supports language ,mxc_Latn,  Manyika),
Font supports language ,mym_Latn,  Me’en),
Font supports language ,myx_Latn,  Masaaba),
Font supports language ,mzk_Latn,  Mambila, Nigeria)
Font supports language ,mzm_Latn,  Mumuye),
Font supports language ,mzw_Latn,  Deg),
Font supports language ,nap_Latn,  Neapolitan),
Font supports language ,naq_Latn,  Nama),
Font supports language ,nat_Latn,  Cahungwarya),
Font supports language ,naw_Latn,  Nawuri),
Font supports language ,nb_Latn,  Norwegian Bokmål),
Font supports language ,nba_Latn,  Nyemba),
Font supports language ,ncu_Latn,  Chumburung),
Font supports language ,nd_Latn,  North Ndebele),
Font supports language ,ndc_Latn,  Ndau),
Font supports language ,ndj_Latn,  Ndamba),
Font supports language ,nds_Latn,  Low German),
Font supports language ,ndv_Latn,  Ndut),
Font supports language ,ndz_Latn,  Ndogo),
Font supports language ,ne_Deva,  Nepali),
Font supports language ,nfr_Latn,  Nafaanra),
Font supports language ,ng_Latn,  Ndonga),
Font supports language ,ngb_Latn,  Ngbandi, Northern)
Font supports language ,ngh_Latn,  Nǁng),
Font supports language ,ngl_Latn,  Lomwe),
Font supports language ,ngp_Latn,  Ngulu),
Font supports language ,nhb_Latn,  Beng),
Font supports language ,nhu_Latn,  Noone),
Font supports language ,nin_Latn,  Ninzo),
Font supports language ,niu_Latn,  Niuean),
Font supports language ,niy_Latn,  Ngiti),
Font supports language ,njo_Latn,  Ao Naga),
Font supports language ,nko_Latn,  Nkonya),
Font supports language ,nku_Latn,  Kulango, Bouna)
Font supports language ,nl_Latn,  Dutch),
Font supports language ,nmz_Latn,  Nawdm),
Font supports language ,nn_Latn,  Norwegian Nynorsk),
Font supports language ,nnq_Latn,  Ngindo),
Font supports language ,no_Latn,  Norwegian),
Font supports language ,nov_Latn,  Novial),
Font supports language ,nr_Latn,  South Ndebele),
Font supports language ,nrb_Latn,  Nara),
Font supports language ,nso_Latn,  Northern Sotho),
Font supports language ,ntr_Latn,  Delo),
Font supports language ,nui_Latn,  Kombe),
Font supports language ,nup_Latn,  Nupe-Nupe-Tako),
Font supports language ,nuv_Latn,  Nuni, Northern)
Font supports language ,nwb_Latn,  Nyabwa),
Font supports language ,ny_Latn,  Nyanja),
Font supports language ,nym_Latn,  Nyamwezi),
Font supports language ,nyn_Latn,  Nyankole),
Font supports language ,nyo_Latn,  Nyoro),
Font supports language ,nza_Latn,  Tigon Mbembe),
Font supports language ,nzi_Latn,  Nzima),
Font supports language ,oc_Latn,  Occitan),
Font supports language ,ogc_Latn,  Ogbah),
Font supports language ,oki_Latn,  Okiek),
Font supports language ,okr_Latn,  Kirike),
Font supports language ,om_Latn,  Oromo),
Font supports language ,one_Latn,  Oneida),
Font supports language ,pam_Latn,  Pampanga),
Font supports language ,pap_Latn,  Papiamento),
Font supports language ,pau_Latn,  Palauan),
Font supports language ,pbi_Latn,  Parkwa),
Font supports language ,pcd_Latn,  Picard),
Font supports language ,pcm_Latn,  Nigerian Pidgin),
Font supports language ,pil_Latn,  Yom),
Font supports language ,pip_Latn,  Pero),
Font supports language ,pkb_Latn,  Pokomo),
Font supports language ,pko_Latn,  Pökoot),
Font supports language ,pl_Latn,  Polish),
Font supports language ,pms_Latn,  Piedmontese),
Font supports language ,png_Latn,  Pangu),
Font supports language ,pon_Latn,  Pohnpeian),
Font supports language ,pov_Latn,  Crioulo, Upper Guinea)
Font supports language ,poy_Latn,  Pogolo),
Font supports language ,prg_Latn,  Prussian),
Font supports language ,pt_Latn,  Portuguese),
Font supports language ,puu_Latn,  Punu),
Font supports language ,pym_Latn,  Pyam),
Font supports language ,qu_Latn,  Quechua),
Font supports language ,quc_Latn,  Kʼicheʼ),
Font supports language ,qug_Latn,  Chimborazo Highland Quichua),
Font supports language ,rar_Latn,  Rarotongan),
Font supports language ,rcf_Latn,  Réunion Creole French),
Font supports language ,rel_Latn,  Rendille),
Font supports language ,res_Latn,  Reshe),
Font supports language ,rif_Latn,  Riffian  Latin)),
Font supports language ,rm_Latn,  Romansh),
Font supports language ,rn_Latn,  Rundi),
Font supports language ,rng_Latn,  Ronga),
Font supports language ,ro_Latn,  Romanian),
Font supports language ,rof_Latn,  Rombo),
Font supports language ,rom_Latn,  Romany),
Font supports language ,rub_Latn,  Gungu),
Font supports language ,ruf_Latn,  Luguru),
Font supports language ,rup_Latn,  Aromanian),
Font supports language ,rw_Latn,  Kinyarwanda),
Font supports language ,rwk_Latn,  Rwa),
Font supports language ,sa_Deva,  Sanskrit),
Font supports language ,sad_Latn,  Sandawe),
Font supports language ,saf_Latn,  Safaliba),
Font supports language ,saq_Latn,  Samburu),
Font supports language ,sav_Latn,  Saafi-Saafi),
Font supports language ,sbp_Latn,  Sangu),
Font supports language ,sc_Latn,  Sardinian),
Font supports language ,scn_Latn,  Sicilian),
Font supports language ,sco_Latn,  Scots),
Font supports language ,sd_Deva,  Sindhi  Devanagari)),
Font supports language ,sdc_Latn,  Sassarese Sardinian),
Font supports language ,se_Latn,  Northern Sami),
Font supports language ,sef_Latn,  Cebaara Senoufo),
Font supports language ,seh_Latn,  Sena),
Font supports language ,sei_Latn,  Seri),
Font supports language ,ses_Latn,  Koyraboro Senni),
Font supports language ,sg_Latn,  Sango),
Font supports language ,she_Latn,  Sheko),
Font supports language ,shi_Latn,  Tachelhit  Latin)),
Font supports language ,shk_Latn,  Shilluk),
Font supports language ,shu_Latn,  Arabic, Chadian Spoken)
Font supports language ,shz_Latn,  Syenara Senoufo),
Font supports language ,sid_Latn,  Sidamo),
Font supports language ,sig_Latn,  Paasaal),
Font supports language ,sil_Latn,  Sisaala, Tumulung)
Font supports language ,sk_Latn,  Slovak),
Font supports language ,sl_Latn,  Slovenian),
Font supports language ,sm_Latn,  Samoan),
Font supports language ,sma_Latn,  Southern Sami),
Font supports language ,smj_Latn,  Lule Sami),
Font supports language ,smn_Latn,  Inari Sami),
Font supports language ,sms_Latn,  Skolt Sami),
Font supports language ,sn_Latn,  Shona),
Font supports language ,snf_Latn,  Noon),
Font supports language ,snk_Latn,  Soninke),
Font supports language ,snw_Latn,  Selee),
Font supports language ,so_Latn,  Somali),
Font supports language ,sok_Latn,  Sokoro),
Font supports language ,spp_Latn,  Sénoufo, Supyire)
Font supports language ,sq_Latn,  Albanian),
Font supports language ,sr_Latn,  Serbian  Latin)),
Font supports language ,srn_Latn,  Sranan Tongo),
Font supports language ,srr_Latn,  Serer),
Font supports language ,ss_Latn,  Swati),
Font supports language ,ssy_Latn,  Saho),
Font supports language ,st_Latn,  Southern Sotho),
Font supports language ,su_Latn,  Sundanese),
Font supports language ,suk_Latn,  Sukuma),
Font supports language ,suq_Latn,  Suri, Tirmaga-Chai)
Font supports language ,sur_Latn,  Mwaghavul),
Font supports language ,sus_Latn,  Susu),
Font supports language ,sv_Latn,  Swedish),
Font supports language ,sw_Latn,  Swahili),
Font supports language ,swb_Latn,  Maore Comorian, Latin)
Font supports language ,swc_Latn,  Swahili, Congo)
Font supports language ,sxb_Latn,  Suba),
Font supports language ,sxw_Latn,  Saxwe Gbe),
Font supports language ,szl_Latn,  Silesian),
Font supports language ,ta_Taml,  Tamil),
Font supports language ,taj_Deva,  Eastern Tamang),
Font supports language ,tal_Latn,  Tal),
Font supports language ,tan_Latn,  Tangale),
Font supports language ,taq_Latn,  Tamasheq  Latin)),
Font supports language ,ted_Latn,  Krumen, Tepo)
Font supports language ,tem_Latn,  Timne),
Font supports language ,teo_Latn,  Teso),
Font supports language ,tet_Latn,  Tetum),
Font supports language ,tfi_Latn,  Gbe, Tofin)
Font supports language ,tiv_Latn,  Tiv),
Font supports language ,tk_Latn,  Turkmen  Latin)),
Font supports language ,tke_Latn,  Takwane),
Font supports language ,tkl_Latn,  Tokelau),
Font supports language ,tkr_Latn,  Tsakhur  Latin)),
Font supports language ,tlj_Latn,  Talinga-Bwisi),
Font supports language ,tly_Latn,  Talysh  Latin)),
Font supports language ,tmh_Latn,  Tamashek),
Font supports language ,tn_Latn,  Tswana),
Font supports language ,tnr_Latn,  Ménik),
Font supports language ,to_Latn,  Tongan),
Font supports language ,tod_Latn,  Toma),
Font supports language ,tog_Latn,  Nyasa Tonga),
Font supports language ,toi_Latn,  Tonga),
Font supports language ,toq_Latn,  Toposa),
Font supports language ,tpi_Latn,  Tok Pisin),
Font supports language ,tpm_Latn,  Tampulma),
Font supports language ,tr_Latn,  Turkish),
Font supports language ,ts_Latn,  Tsonga),
Font supports language ,tsb_Latn,  Tsamai),
Font supports language ,tsw_Latn,  Tsishingini),
Font supports language ,ttj_Latn,  Tooro),
Font supports language ,ttq_Latn,  Tawallammat Tamajaq),
Font supports language ,ttr_Latn,  Tera),
Font supports language ,ttt_Latn,  Muslim Tat, Latin)
Font supports language ,tul_Latn,  Tula),
Font supports language ,tum_Latn,  Tumbuka),
Font supports language ,tuq_Latn,  Tedaga),
Font supports language ,tvd_Latn,  Tsuvadi),
Font supports language ,tvl_Latn,  Tuvalu),
Font supports language ,tw_akuapem_Latn,  Akuapem Twi),
Font supports language ,twq_Latn,  Tasawaq),
Font supports language ,ty_Latn,  Tahitian),
Font supports language ,tzm_Latn,  Central Atlas Tamazight),
Font supports language ,udu_Latn,  Uduk),
Font supports language ,ug_Latn,  Uyghur  Latin)),
Font supports language ,umb_Latn,  Umbundu),
Font supports language ,uth_Latn,  ut-Hun),
Font supports language ,utr_Latn,  Etulo),
Font supports language ,uz_Latn,  Uzbek),
Font supports language ,vag_Latn,  Vagla),
Font supports language ,ve_Latn,  Venda),
Font supports language ,vec_Latn,  Venetian),
Font supports language ,vep_Latn,  Veps),
Font supports language ,vi_Latn,  Vietnamese),
Font supports language ,vid_Latn,  Vidunda),
Font supports language ,vmw_Latn,  Makhuwa),
Font supports language ,vo_Latn,  Volapük),
Font supports language ,vro_Latn,  Võro),
Font supports language ,vun_Latn,  Vunjo),
Font supports language ,wa_Latn,  Walloon),
Font supports language ,wae_Latn,  Walser),
Font supports language ,wal_Latn,  Wolaytta  Latin)),
Font supports language ,wan_Latn,  Wan),
Font supports language ,war_Latn,  Waray),
Font supports language ,wbp_Latn,  Warlpiri),
Font supports language ,wci_Latn,  Gbe, Waci)
Font supports language ,wdt_Latn,  Wendat),
Font supports language ,wib_Latn,  Toussian, Southern)
Font supports language ,wja_Latn,  Waja),
Font supports language ,wji_Latn,  Warji),
Font supports language ,wls_Latn,  Wallisian),
Font supports language ,wmw_Latn,  Mwani),
Font supports language ,wo_Latn,  Wolof),
Font supports language ,wob_Latn,  Wè Northern),
Font supports language ,xav_Latn,  Xavánte),
Font supports language ,xed_Latn,  Hdi),
Font supports language ,xh_Latn,  Xhosa),
Font supports language ,xnr_Deva,  Kangri),
Font supports language ,xog_Latn,  Soga),
Font supports language ,xon_Latn,  Konkomba),
Font supports language ,xrb_Latn,  Karaboro, Eastern)
Font supports language ,xsm_Latn,  Kasem),
Font supports language ,xuo_Latn,  Kuo),
Font supports language ,xwe_Latn,  Gbe, Xwela)
Font supports language ,yal_Latn,  Yalunka),
Font supports language ,yam_Latn,  Yamba),
Font supports language ,yao_Latn,  Yao),
Font supports language ,yap_Latn,  Yapese),
Font supports language ,yas_Latn,  Nugunu),
Font supports language ,yat_Latn,  Yambeta),
Font supports language ,yay_Latn,  Agwagwune),
Font supports language ,yaz_Latn,  Lokaa),
Font supports language ,yer_Latn,  Tarok),
Font supports language ,yko_Latn,  Yasa),
Font supports language ,yo_Latn,  Yoruba),
Font supports language ,yre_Latn,  Yaouré),
Font supports language ,yua_Latn,  Yucateco),
Font supports language ,zag_Latn,  Zaghawa),
Font supports language ,zay_Latn,  Zayse),
Font supports language ,zdj_Latn,  Comorian, Ngazidja)
Font supports language ,ziw_Latn,  Zigula),
Font supports language ,zlm_Latn,  Malay  Latin)),
Font supports language ,zne_Latn,  Zande),
Font supports language ,zu_Latn,  Zulu),
Font supports language ,zun_Latn,  Zuni),
Font supports language ,zza_Latn,  Zaza),
`===========================,`===========,`=======================,`=================
Font nearly supports language ,alq_Latn,  Algonquin),
Font nearly supports language ,avu_Latn,  Avokaya),
Font nearly supports language ,bba_Latn,  Baatonum),
Font nearly supports language ,bqv_Latn,  Koro Wachi),
Font nearly supports language ,bud_Latn,  Ntcham),
Font nearly supports language ,bum_Latn,  Bulu),
Font nearly supports language ,din_Latn,  Dinka),
Font nearly supports language ,dip_Latn,  Dinka, Northeastern)
Font nearly supports language ,dua_Latn,  Duala),
Font nearly supports language ,dya_Latn,  Dyan),
Font nearly supports language ,ema_Latn,  Emai-Iuleha-Ora),
Font nearly supports language ,ems_Latn,  Alutiiq),
Font nearly supports language ,esu_Latn,  Central Yupik),
Font nearly supports language ,etx_Latn,  Iten),
Font nearly supports language ,gnd_Latn,  Zulgo-Gemzek),
Font nearly supports language ,gur_Latn,  Frafra),
Font nearly supports language ,ig_Latn,  Igbo),
Font nearly supports language ,ii_Yiii,  Sichuan Yi),
Font nearly supports language ,ijs_Latn,  Ijo, Southeast)
Font nearly supports language ,jra_Latn,  Jarai  Latin)),
Font nearly supports language ,kbo_Latn,  Keliko),
Font nearly supports language ,kcg_Latn,  Tyap),
Font nearly supports language ,kmg_Latn,  Kâte),
Font nearly supports language ,knb_Latn,  Lubuagan Kalinga),
Font nearly supports language ,ksp_Latn,  Kabba),
Font nearly supports language ,kzc_Latn,  Bondoukou Kulango),
Font nearly supports language ,loq_Latn,  Lobala),
Font nearly supports language ,lui_Latn,  Luiseno),
Font nearly supports language ,lzz_Latn,  Laz  Latin)),
Font nearly supports language ,mas_Latn,  Masai),
Font nearly supports language ,mdt_Latn,  Mbere),
Font nearly supports language ,mgd_Latn,  Moru),
Font nearly supports language ,mgo_Latn,  Metaʼ),
Font nearly supports language ,nuk_Latn,  Nuuchahnulth),
Font nearly supports language ,oma_Latn,  Omaha-Ponca),
Font nearly supports language ,ovd_Latn,  Elfdalian),
Font nearly supports language ,str_Latn,  Straits Salish, Latin)
Font nearly supports language ,tvu_Latn,  Tunen),
Font nearly supports language ,xsm_Latn_BF,  Kasem, Burkina Faso)
Font nearly supports language ,zap_Latn,  Zapotec),
`===========================,`===========,`=======================,`=================
Font does not fully support language ,ab_Cyrl,  Abkhazian),
Font does not fully support language ,abq_Cyrl,  Abaza),
Font does not fully support language ,acu_Latn,  Achuar-Shiwiar),
Font does not fully support language ,ady_Cyrl,  Adyghe),
Font does not fully support language ,agq_Latn,  Aghem),
Font does not fully support language ,aii_Cyrl,  Assyrian Neo-Aramaic, Cyrillic)
Font does not fully support language ,aii_Syrc,  Assyrian Neo-Aramaic),
Font does not fully support language ,aks_Latn,  Akeselem),
Font does not fully support language ,alt_Cyrl,  Southern Altai),
Font does not fully support language ,am_Ethi,  Amharic),
Font does not fully support language ,ar_Arab,  Arabic),
Font does not fully support language ,as_Beng,  Assamese),
Font does not fully support language ,av_Cyrl,  Avaric),
Font does not fully support language ,awc_Latn,  Cicipu),
Font does not fully support language ,az_Cyrl,  Azerbaijani  Cyrillic)),
Font does not fully support language ,ba_Cyrl,  Bashkir),
Font does not fully support language ,ban_Bali,  Balinese  Balinese)),
Font does not fully support language ,bas_Latn,  Basaa),
Font does not fully support language ,bax_Latn,  Bamun  Latin)),
Font does not fully support language ,bbc_Batk,  Batak Toba, Batak)
Font does not fully support language ,bbj_Latn,  Ghomala),
Font does not fully support language ,be_Cyrl,  Belarusian),
Font does not fully support language ,bfd_Latn,  Bafut),
Font does not fully support language ,bfo_Latn,  Malba Birifor),
Font does not fully support language ,bg_Cyrl,  Bulgarian),
Font does not fully support language ,biv_Latn,  Birifor, Southern)
Font does not fully support language ,bkm_Latn,  Kom),
Font does not fully support language ,blo_Latn,  Anii),
Font does not fully support language ,bn_Beng,  Bangla),
Font does not fully support language ,bo_Tibt,  Tibetan),
Font does not fully support language ,bom_Latn,  Berom),
Font does not fully support language ,bot_Latn,  Bongo),
Font does not fully support language ,box_Latn,  Buamu),
Font does not fully support language ,bpy_Beng,  Bishnupriya),
Font does not fully support language ,bqc_Latn,  Boko),
Font does not fully support language ,bqp_Latn,  Bisã),
Font does not fully support language ,bs_Cyrl,  Bosnian  Cyrillic)),
Font does not fully support language ,bsq_Latn,  Bassa  Latin)),
Font does not fully support language ,btt_Latn,  Bete-Bendi),
Font does not fully support language ,bua_Cyrl,  Buriat),
Font does not fully support language ,bvi_Latn,  Belanda Viri, Latin)
Font does not fully support language ,bwj_Latn,  Láá Láá Bwamu),
Font does not fully support language ,byv_Latn,  Medumba),
Font does not fully support language ,ccp_Cakm,  Chakma),
Font does not fully support language ,ce_Cyrl,  Chechen),
Font does not fully support language ,chm_Cyrl,  Mari),
Font does not fully support language ,chp_Latn,  Chipewyan),
Font does not fully support language ,chr_Cher,  Cherokee),
Font does not fully support language ,cjs_Cyrl,  Shor),
Font does not fully support language ,ckb_Arab,  Central Kurdish),
Font does not fully support language ,ckt_Cyrl,  Chukot),
Font does not fully support language ,coo_Latn,  Comox),
Font does not fully support language ,crh_Cyrl,  Crimean Turkish, Cyrillic)
Font does not fully support language ,cu_Cyrl,  Church Slavic),
Font does not fully support language ,cv_Cyrl,  Chuvash),
Font does not fully support language ,dar_Cyrl,  Dargwa),
Font does not fully support language ,ddn_Latn,  Dendi),
Font does not fully support language ,dgi_Latn,  Northern Dagara),
Font does not fully support language ,dgr_Latn,  Dogrib),
Font does not fully support language ,dng_Cyrl,  Dungan),
Font does not fully support language ,dnj_Latn,  Dan),
Font does not fully support language ,dnj_Latn_LR,  Liberian Dan),
Font does not fully support language ,dow_Latn,  Doyayo),
Font does not fully support language ,dur_Latn,  Dii),
Font does not fully support language ,dv_Thaa,  Divehi),
Font does not fully support language ,dz_Tibt,  Dzongkha),
Font does not fully support language ,ebo_Latn,  Teke-Ebo),
Font does not fully support language ,ee_Latn,  Ewe),
Font does not fully support language ,ekp_Latn,  Ekpeye),
Font does not fully support language ,emk_Latn,  Maninkakan, Eastern)
Font does not fully support language ,enf_Cyrl,  Forest Enets),
Font does not fully support language ,enh_Cyrl,  Tundra Enets),
Font does not fully support language ,eto_Latn,  Eton, Cameroon)
Font does not fully support language ,etu_Latn,  Ejagham),
Font does not fully support language ,evn_Cyrl,  Evenki),
Font does not fully support language ,ewo_Latn,  Ewondo),
Font does not fully support language ,fa_Arab,  Persian),
Font does not fully support language ,ff_Adlm,  Fulah  Adlam)),
Font does not fully support language ,fmp_Latn,  Fe’fe’),
Font does not fully support language ,Font supports language ,  Abua),
Font does not fully support language ,fvr_Latn,  Fur),
Font does not fully support language ,gag_Cyrl,  Gagauz  Cyrillic)),
Font does not fully support language ,gej_Latn,  Gen),
Font does not fully support language ,gkp_Latn,  Kpelle, Guinea)
Font does not fully support language ,gld_Cyrl,  Nanai),
Font does not fully support language ,gna_Latn,  Kaansa),
Font does not fully support language ,goa_Latn,  Guro),
Font does not fully support language ,gov_Latn,  Goo),
Font does not fully support language ,grb_Latn,  Grebo),
Font does not fully support language ,grc_Grek,  Ancient Greek  Greek)),
Font does not fully support language ,gu_Gujr,  Gujarati),
Font does not fully support language ,gvl_Latn,  Gulay),
Font does not fully support language ,haa_Latn,  Han),
Font does not fully support language ,he_Hebr,  Hebrew),
Font does not fully support language ,hei_Latn,  Heiltsuk),
Font does not fully support language ,hnn_Hano,  Hanunoo  Hanunoo)),
Font does not fully support language ,hur_Latn,  Halkomelem),
Font does not fully support language ,hy_Armn,  Armenian),
Font does not fully support language ,ife_Latn,  Ifè),
Font does not fully support language ,igb_Latn,  Ebira),
Font does not fully support language ,ikw_Latn,  Ikwere),
Font does not fully support language ,inh_Cyrl,  Ingush),
Font does not fully support language ,itl_Cyrl,  Itelmen),
Font does not fully support language ,ja_Hira,  Japanese  Hiragana)),
Font does not fully support language ,ja_Jpan,  Japanese),
Font does not fully support language ,jgo_Latn,  Ngomba),
Font does not fully support language ,jpr_Hebr,  Judeo-Persian),
Font does not fully support language ,jv_Java,  Javanese  Javanese)),
Font does not fully support language ,ka_Geor,  Georgian),
Font does not fully support language ,kaa_Cyrl,  Kara-Kalpak),
Font does not fully support language ,kbd_Cyrl,  Kabardian),
Font does not fully support language ,kca_Cyrl,  Khanty),
Font does not fully support language ,kdj_Latn,  Karamojong),
Font does not fully support language ,kib_Latn,  Koalib),
Font does not fully support language ,kjh_Cyrl,  Khakas),
Font does not fully support language ,kk_Cyrl,  Kazakh),
Font does not fully support language ,kkj_Latn,  Kako),
Font does not fully support language ,kkz_Latn,  Kaska),
Font does not fully support language ,km_Khmr,  Khmer),
Font does not fully support language ,kn_Knda,  Kannada),
Font does not fully support language ,ko_Kore,  Korean),
Font does not fully support language ,koi_Cyrl,  Komi-Permyak),
Font does not fully support language ,kpe_Latn,  Kpelle),
Font does not fully support language ,kpy_Cyrl,  Koryak),
Font does not fully support language ,krc_Cyrl,  Karachay-Balkar),
Font does not fully support language ,krw_Latn,  Western Krahn),
Font does not fully support language ,ks_Arab,  Kashmiri),
Font does not fully support language ,ksf_Latn,  Bafia),
Font does not fully support language ,kss_Latn,  Southern Kisi),
Font does not fully support language ,kst_Latn,  Winyé),
Font does not fully support language ,kum_Cyrl,  Kumyk),
Font does not fully support language ,kut_Latn,  Kutenai),
Font does not fully support language ,kv_Cyrl,  Komi),
Font does not fully support language ,kwk_Latn,  Kwak’wala),
Font does not fully support language ,ky_Cyrl,  Kyrgyz),
Font does not fully support language ,kyq_Latn,  Kenga),
Font does not fully support language ,kyu_Latn,  Western Kayah  Latin)),
Font does not fully support language ,kzr_Latn,  Karang),
Font does not fully support language ,lad_Hebr,  Ladino),
Font does not fully support language ,lbe_Cyrl,  Lak),
Font does not fully support language ,lee_Latn,  Lyélé),
Font does not fully support language ,lez_Cyrl,  Lezghian),
Font does not fully support language ,lgg_Latn,  Lugbara),
Font does not fully support language ,ln_Latn,  Lingala),
Font does not fully support language ,lnl_Latn,  South Central Banda),
Font does not fully support language ,lo_Laoo,  Lao),
Font does not fully support language ,lob_Latn,  Lobi),
Font does not fully support language ,lol_Latn,  Mongo),
Font does not fully support language ,lom_Latn,  Loma, Liberia)
Font does not fully support language ,lrc_Arab,  Northern Luri),
Font does not fully support language ,lu_Latn,  Luba-Katanga),
Font does not fully support language ,maz_Latn,  Central Mazahua),
Font does not fully support language ,mcp_Latn,  Makaa),
Font does not fully support language ,mdf_Cyrl,  Moksha),
Font does not fully support language ,mev_Latn,  Mano),
Font does not fully support language ,mge_Latn,  Mango),
Font does not fully support language ,mhi_Latn,  Ma’di),
Font does not fully support language ,mk_Cyrl,  Macedonian),
Font does not fully support language ,ml_Mlym,  Malayalam),
Font does not fully support language ,mn_Cyrl,  Mongolian),
Font does not fully support language ,mnf_Latn,  Mundani),
Font does not fully support language ,mni_Beng,  Manipuri),
Font does not fully support language ,mns_Cyrl,  Mansi),
Font does not fully support language ,mrj_Cyrl,  Western Mari),
Font does not fully support language ,mwm_Latn,  Sar),
Font does not fully support language ,my_Mymr,  Burmese),
Font does not fully support language ,myk_Latn,  Mamara Senoufo),
Font does not fully support language ,myv_Cyrl,  Erzya),
Font does not fully support language ,mzn_Arab,  Mazanderani),
Font does not fully support language ,neb_Latn,  Toura),
Font does not fully support language ,nfu_Latn,  Mfumte),
Font does not fully support language ,nga_Latn,  Ngbaka),
Font does not fully support language ,nmg_Latn,  Kwasio),
Font does not fully support language ,nnh_Latn,  Ngiemboon),
Font does not fully support language ,nnw_Latn,  Southern Nuni),
Font does not fully support language ,nog_Cyrl,  Nogai),
Font does not fully support language ,nst_Tnsa,  Tangsa),
Font does not fully support language ,ntm_Latn,  Nateni),
Font does not fully support language ,nus_Latn,  Nuer),
Font does not fully support language ,nv_Latn,  Navajo),
Font does not fully support language ,nyb_Latn,  Nyangbo),
Font does not fully support language ,nzk_Latn,  Nzakara),
Font does not fully support language ,or_Orya,  Odia),
Font does not fully support language ,os_Cyrl,  Ossetic),
Font does not fully support language ,ozm_Latn,  Koonzime),
Font does not fully support language ,pa_Arab,  Punjabi  Arabic)),
Font does not fully support language ,pa_Guru,  Punjabi),
Font does not fully support language ,pid_Latn,  Piaroa),
Font does not fully support language ,pnz_Latn,  Pana, Central African Republic)
Font does not fully support language ,ps_Arab,  Pashto),
Font does not fully support language ,pug_Latn,  Phuie),
Font does not fully support language ,rkt_Beng,  Rangpuri),
Font does not fully support language ,ro_Cyrl,  Romanian  Cyrillic)),
Font does not fully support language ,ru_Cyrl,  Russian),
Font does not fully support language ,rue_Cyrl,  Rusyn),
Font does not fully support language ,sa_Nand,  Sanskrit  Nandinagari)),
Font does not fully support language ,sah_Cyrl,  Sakha),
Font does not fully support language ,sat_Olck,  Santali, Ol Chiki)
Font does not fully support language ,sba_Latn,  Ngambay),
Font does not fully support language ,sbd_Latn,  Southern Samo),
Font does not fully support language ,sd_Arab,  Sindhi),
Font does not fully support language ,sel_Cyrl,  Selkup),
Font does not fully support language ,shi_Tfng,  Tachelhit  Tifinagh)),
Font does not fully support language ,si_Sinh,  Sinhala),
Font does not fully support language ,sld_Latn,  Sissala),
Font does not fully support language ,soy_Latn,  Miyobe),
Font does not fully support language ,sr_Cyrl,  Serbian),
Font does not fully support language ,su_Sund,  Sundanese  Sundanese)),
Font does not fully support language ,tab_Cyrl,  Tabassaran),
Font does not fully support language ,taj_Tibt,  Eastern Tamang, Tibetan)
Font does not fully support language ,tbz_Latn,  Ditammari),
Font does not fully support language ,tcd_Latn,  Tafi),
Font does not fully support language ,tce_Latn,  Southern Tutchone),
Font does not fully support language ,te_Telu,  Telugu),
Font does not fully support language ,tg_Cyrl,  Tajik),
Font does not fully support language ,th_Thai,  Thai),
Font does not fully support language ,thp_Latn,  Thompson),
Font does not fully support language ,ti_Ethi,  Tigrinya),
Font does not fully support language ,tik_Latn,  Tikar),
Font does not fully support language ,tk_Cyrl,  Turkmen  Cyrillic)),
Font does not fully support language ,tkr_Cyrl,  Tsakhur),
Font does not fully support language ,tly_Cyrl,  Talysh  Cyrillic)),
Font does not fully support language ,tt_Cyrl,  Tatar),
Font does not fully support language ,ttm_Latn,  Northern Tutchone),
Font does not fully support language ,ttt_Cyrl,  Muslim Tat),
Font does not fully support language ,tuz_Latn,  Turka),
Font does not fully support language ,txo_Toto,  Toto),
Font does not fully support language ,tyv_Cyrl,  Tuvinian),
Font does not fully support language ,udm_Cyrl,  Udmurt),
Font does not fully support language ,ug_Arab,  Uyghur),
Font does not fully support language ,ug_Cyrl,  Uyghur  Cyrillic)),
Font does not fully support language ,uk_Cyrl,  Ukrainian),
Font does not fully support language ,uma_Latn,  Umatilla),
Font does not fully support language ,ur_Arab,  Urdu),
Font does not fully support language ,uz_Arab,  Uzbek  Arabic)),
Font does not fully support language ,uz_Cyrl,  Uzbek  Cyrillic)),
Font does not fully support language ,vai_Latn,  Vai  Latin)),
Font does not fully support language ,vai_Vaii,  Vai),
Font does not fully support language ,vut_Latn,  Vute),
Font does not fully support language ,wok_Latn,  Longto),
Font does not fully support language ,wwa_Latn,  Waama),
Font does not fully support language ,xal_Cyrl,  Kalmyk),
Font does not fully support language ,yav_Latn,  Yangben),
Font does not fully support language ,yba_Latn,  Yala),
Font does not fully support language ,ybb_Latn,  Yemba),
Font does not fully support language ,yi_Hebr,  Yiddish),
Font does not fully support language ,yo_Latn_BJ,  Yoruba, Benin)
Font does not fully support language ,yrk_Cyrl,  Nenets),
Font does not fully support language ,yue_Hans,  Yue Chinese  Simplified)),
Font does not fully support language ,yue_Hant,  Yue Chinese),
Font does not fully support language ,zgh_Tfng,  Standard Moroccan Tamazight),
Font does not fully support language ,zh_Hans,  Chinese  Simplified)),
Font does not fully support language ,zh_Hant,  Chinese  Traditional)),
